"Source:","/home/angus/OneDrive/Work/4th year/eetp/hyasynth-pcb/hyasynth/hyasynth.kicad_sch"
"Date:","Thu 27 Jan 2022 14:47:31 GMT"
"Tool:","Eeschema 6.0.1-79c1e3a40b~116~ubuntu20.04.1"
"Generator:","/usr/share/kicad/plugins/bom_csv_grouped_by_value.py"
"Component Count:","39"

"Individual Components:"

"Item","Qty","Reference(s)","Value","LibPart","Footprint","Datasheet"
"","","BT1","Battery_Cell","Device:Battery_Cell","Connector_PinSocket_2.54mm:PinSocket_1x02_P2.54mm_Vertical","~"
"","","BT2","Battery_Cell","Device:Battery_Cell","Connector_PinSocket_2.54mm:PinSocket_1x02_P2.54mm_Vertical","~"
"","","C1","4.7u","Device:C_Polarized","","~"
"","","C2","0.1u","Device:C","","~"
"","","C3","4.7u","Device:C_Polarized","","~"
"","","C4","0.1u","Device:C","","~"
"","","C5","10u","Device:C_Polarized","","~"
"","","C6","47u","Device:C_Polarized","","~"
"","","C7","1u","Device:C","","~"
"","","C8","330u","Device:C_Polarized","","~"
"","","C9","1u","Device:C","","~"
"","","D1","ASMB-MTB0-0A3A2","LED:ASMB-MTB0-0A3A2","LED_SMD:LED_Avago_PLCC4_3.2x2.8mm_CW","https://docs.broadcom.com/docs/AV02-4186EN"
"","","J1","Conn_01x04_Male","Connector:Conn_01x04_Male","Connector_PinSocket_2.54mm:PinSocket_1x04_P2.54mm_Vertical","~"
"","","J2","Conn_01x02_Male","Connector:Conn_01x02_Male","","~"
"","","JP1","SolderJumper_2_Open","Jumper:SolderJumper_2_Open","","~"
"","","R1","10K","Device:R","","~"
"","","R2","1K","Device:R","","~"
"","","R3","100k","Device:R","","~"
"","","R4","R","Device:R","","~"
"","","SW1","Power Switch","Switch:SW_SPDT","","~"
"","","SW2","Low C","Switch:SW_Push","Button_Switch_SMD:SW_Push_1P1T_NO_CK_KSC7xxJ","~"
"","","SW3","C# Db","Switch:SW_Push","Button_Switch_SMD:SW_Push_1P1T_NO_CK_KSC7xxJ","~"
"","","SW4","D","Switch:SW_Push","Button_Switch_SMD:SW_Push_1P1T_NO_CK_KSC7xxJ","~"
"","","SW5","D# Eb","Switch:SW_Push","Button_Switch_SMD:SW_Push_1P1T_NO_CK_KSC7xxJ","~"
"","","SW6","E","Switch:SW_Push","Button_Switch_SMD:SW_Push_1P1T_NO_CK_KSC7xxJ","~"
"","","SW7","F","Switch:SW_Push","Button_Switch_SMD:SW_Push_1P1T_NO_CK_KSC7xxJ","~"
"","","SW8","F# Gb","Switch:SW_Push","Button_Switch_SMD:SW_Push_1P1T_NO_CK_KSC7xxJ","~"
"","","SW9","G","Switch:SW_Push","Button_Switch_SMD:SW_Push_1P1T_NO_CK_KSC7xxJ","~"
"","","SW10","G# Ab","Switch:SW_Push","Button_Switch_SMD:SW_Push_1P1T_NO_CK_KSC7xxJ","~"
"","","SW11","A","Switch:SW_Push","Button_Switch_SMD:SW_Push_1P1T_NO_CK_KSC7xxJ","~"
"","","SW12","A# Bb","Switch:SW_Push","Button_Switch_SMD:SW_Push_1P1T_NO_CK_KSC7xxJ","~"
"","","SW13","B","Switch:SW_Push","Button_Switch_SMD:SW_Push_1P1T_NO_CK_KSC7xxJ","~"
"","","SW14","C","Switch:SW_Push","Button_Switch_SMD:SW_Push_1P1T_NO_CK_KSC7xxJ","~"
"","","SW15","Down Octave","Switch:SW_Push","Button_Switch_SMD:SW_Push_1P1T_NO_CK_KSC7xxJ","~"
"","","SW16","Function","Switch:SW_Push","Button_Switch_SMD:SW_Push_1P1T_NO_CK_KSC7xxJ","~"
"","","SW17","Up Octave","Switch:SW_Push","Button_Switch_SMD:SW_Push_1P1T_NO_CK_KSC7xxJ","~"
"","","SW18","Reset","Switch:SW_Push","Button_Switch_SMD:SW_Push_1P1T_NO_CK_KSC7xxJ","~"
"","","U1","EFM8LB12F64E-B-QFN32","laserbee:EFM8LB12F64E-B-QFN32","QFN32:EFM8LB12F64E-B-QFN32",""
"","","U2","BH3544F","BH3544F:BH3544F","",""



"Collated Components:"

"Item","Qty","Reference(s)","Value","LibPart","Footprint","Datasheet"
"1","2","BT1, BT2","Battery_Cell","Device:Battery_Cell","Connector_PinSocket_2.54mm:PinSocket_1x02_P2.54mm_Vertical","~"
"2","2","C1, C3","4.7u","Device:C_Polarized","","~"
"3","2","C2, C4","0.1u","Device:C","","~"
"4","1","C5","10u","Device:C_Polarized","","~"
"5","1","C6","47u","Device:C_Polarized","","~"
"6","2","C7, C9","1u","Device:C","","~"
"7","1","C8","330u","Device:C_Polarized","","~"
"8","1","D1","ASMB-MTB0-0A3A2","LED:ASMB-MTB0-0A3A2","LED_SMD:LED_Avago_PLCC4_3.2x2.8mm_CW","https://docs.broadcom.com/docs/AV02-4186EN"
"9","1","J1","Conn_01x04_Male","Connector:Conn_01x04_Male","Connector_PinSocket_2.54mm:PinSocket_1x04_P2.54mm_Vertical","~"
"10","1","J2","Conn_01x02_Male","Connector:Conn_01x02_Male","","~"
"11","1","JP1","SolderJumper_2_Open","Jumper:SolderJumper_2_Open","","~"
"12","1","R1","10K","Device:R","","~"
"13","1","R2","1K","Device:R","","~"
"14","1","R3","100k","Device:R","","~"
"15","1","R4","R","Device:R","","~"
"16","1","SW1","Power Switch","Switch:SW_SPDT","","~"
"17","1","SW2","Low C","Switch:SW_Push","Button_Switch_SMD:SW_Push_1P1T_NO_CK_KSC7xxJ","~"
"18","1","SW3","C# Db","Switch:SW_Push","Button_Switch_SMD:SW_Push_1P1T_NO_CK_KSC7xxJ","~"
"19","1","SW4","D","Switch:SW_Push","Button_Switch_SMD:SW_Push_1P1T_NO_CK_KSC7xxJ","~"
"20","1","SW5","D# Eb","Switch:SW_Push","Button_Switch_SMD:SW_Push_1P1T_NO_CK_KSC7xxJ","~"
"21","1","SW6","E","Switch:SW_Push","Button_Switch_SMD:SW_Push_1P1T_NO_CK_KSC7xxJ","~"
"22","1","SW7","F","Switch:SW_Push","Button_Switch_SMD:SW_Push_1P1T_NO_CK_KSC7xxJ","~"
"23","1","SW8","F# Gb","Switch:SW_Push","Button_Switch_SMD:SW_Push_1P1T_NO_CK_KSC7xxJ","~"
"24","1","SW9","G","Switch:SW_Push","Button_Switch_SMD:SW_Push_1P1T_NO_CK_KSC7xxJ","~"
"25","1","SW10","G# Ab","Switch:SW_Push","Button_Switch_SMD:SW_Push_1P1T_NO_CK_KSC7xxJ","~"
"26","1","SW11","A","Switch:SW_Push","Button_Switch_SMD:SW_Push_1P1T_NO_CK_KSC7xxJ","~"
"27","1","SW12","A# Bb","Switch:SW_Push","Button_Switch_SMD:SW_Push_1P1T_NO_CK_KSC7xxJ","~"
"28","1","SW13","B","Switch:SW_Push","Button_Switch_SMD:SW_Push_1P1T_NO_CK_KSC7xxJ","~"
"29","1","SW14","C","Switch:SW_Push","Button_Switch_SMD:SW_Push_1P1T_NO_CK_KSC7xxJ","~"
"30","1","SW15","Down Octave","Switch:SW_Push","Button_Switch_SMD:SW_Push_1P1T_NO_CK_KSC7xxJ","~"
"31","1","SW16","Function","Switch:SW_Push","Button_Switch_SMD:SW_Push_1P1T_NO_CK_KSC7xxJ","~"
"32","1","SW17","Up Octave","Switch:SW_Push","Button_Switch_SMD:SW_Push_1P1T_NO_CK_KSC7xxJ","~"
"33","1","SW18","Reset","Switch:SW_Push","Button_Switch_SMD:SW_Push_1P1T_NO_CK_KSC7xxJ","~"
"34","1","U1","EFM8LB12F64E-B-QFN32","laserbee:EFM8LB12F64E-B-QFN32","QFN32:EFM8LB12F64E-B-QFN32",""
"35","1","U2","BH3544F","BH3544F:BH3544F","",""
